{"cameraMode":{"drawMode":0,"name":"Shaded","section":"Shading Mode"},"sceneLighting":true,"audioPlay":false,"sceneViewState":{"m_AlwaysRefresh":false,"showFog":true,"showSkybox":true,"showFlares":true,"showImageEffects":true,"showParticleSystems":true,"showVisualEffectGraphs":true,"m_FxEnabled":true},"in2DMode":false,"pivot":{"x":11.470433235168457,"y":17.236438751220704,"z":7.099867820739746},"rotation":{"x":0.0645916536450386,"y":-0.059725310653448108,"z":0.006565460469573736,"w":0.9963949918746948},"size":10.717804908752442,"orthographic":true}