{"cameraMode":{"drawMode":0,"name":"Shaded","section":"Shading Mode"},"sceneLighting":true,"audioPlay":false,"sceneViewState":{"m_AlwaysRefresh":false,"showFog":true,"showSkybox":true,"showFlares":true,"showImageEffects":true,"showParticleSystems":true,"showVisualEffectGraphs":true,"m_FxEnabled":true},"in2DMode":false,"pivot":{"x":12.443554878234864,"y":15.589874267578125,"z":8.840126991271973},"rotation":{"x":-0.06783608347177506,"y":0.012466209940612316,"z":-0.0024543304461985828,"w":-0.997871458530426},"size":22.971750259399415,"orthographic":true}