{"cameraMode":{"drawMode":0,"name":"Shaded","section":"Shading Mode"},"sceneLighting":true,"audioPlay":false,"sceneViewState":{"m_AlwaysRefresh":false,"showFog":true,"showSkybox":true,"showFlares":true,"showImageEffects":true,"showParticleSystems":true,"showVisualEffectGraphs":true,"m_FxEnabled":true},"in2DMode":false,"pivot":{"x":12.443554878234864,"y":15.589874267578125,"z":8.840126991271973},"rotation":{"x":-0.03937901183962822,"y":0.009533043019473553,"z":-0.0019598209764808418,"w":-0.9994257688522339},"size":16.655351638793947,"orthographic":true}