{"cameraMode":{"drawMode":0,"name":"Shaded","section":"Shading Mode"},"sceneLighting":false,"audioPlay":false,"sceneViewState":{"m_AlwaysRefresh":false,"showFog":true,"showSkybox":false,"showFlares":true,"showImageEffects":true,"showParticleSystems":true,"showVisualEffectGraphs":true,"m_FxEnabled":true},"in2DMode":false,"pivot":{"x":-4.6793951988220219,"y":3.717069625854492,"z":8.061807632446289},"rotation":{"x":-0.03688599541783333,"y":0.15078724920749665,"z":-0.006167740561068058,"w":-0.9880091547966003},"size":6.690742015838623,"orthographic":true}