{"cameraMode":{"drawMode":0,"name":"Shaded","section":"Shading Mode"},"sceneLighting":false,"audioPlay":false,"sceneViewState":{"m_AlwaysRefresh":false,"showFog":true,"showSkybox":false,"showFlares":true,"showImageEffects":true,"showParticleSystems":true,"showVisualEffectGraphs":true,"m_FxEnabled":true},"in2DMode":false,"pivot":{"x":-0.009395360946655274,"y":3.717069625854492,"z":8.061807632446289},"rotation":{"x":0.01797090843319893,"y":-0.942413330078125,"z":0.051223717629909518,"w":0.33010032773017886},"size":6.690742015838623,"orthographic":true}