{"cameraMode":{"drawMode":0,"name":"Shaded","section":"Shading Mode"},"sceneLighting":false,"audioPlay":false,"sceneViewState":{"m_AlwaysRefresh":false,"showFog":true,"showSkybox":false,"showFlares":true,"showImageEffects":true,"showParticleSystems":true,"showVisualEffectGraphs":true,"m_FxEnabled":true},"in2DMode":false,"pivot":{"x":13.225000381469727,"y":-2.808000087738037,"z":0.2090000957250595},"rotation":{"x":-0.012255406938493252,"y":-0.4614928066730499,"z":0.00636445265263319,"w":-0.8870657682418823},"size":0.7001729011535645,"orthographic":true}